instance,LP Model value,Heuristic,Avg result difference (%)
0,98.0,100.727,2.7827
1,112.7192,114.8147,1.859
2,106.5031,107.8608,1.2749
3,87.5698,88.9274,1.5503
4,109.0028,114.5857,5.1218
5,99.142,100.785,1.6573
6,108.3097,111.5009,2.9463
7,118.9951,122.5194,2.9617
8,91.4548,92.1814,0.7946
9,101.4441,105.0847,3.5887
10,103.711,110.5704,6.6141
11,97.5504,98.1065,0.57
12,100.0357,100.3961,0.3603
13,101.3327,104.8305,3.4518
14,97.3541,98.5906,1.2701
15,96.6675,97.8673,1.2411
16,113.9961,115.924,1.6912
17,112.9338,115.2675,2.0664
18,103.528,105.7951,2.1898
19,97.0005,98.2182,1.2553
20,92.6793,94.8816,2.3763
21,115.996,119.9118,3.3758
22,117.2698,119.9964,2.325
23,104.9226,106.3084,1.3208
24,121.8126,125.9948,3.4333
25,115.7083,116.6715,0.8324
26,109.1845,112.8021,3.3133
27,124.0781,132.4753,6.7677
28,95.818,96.91,1.1397
29,89.0825,90.4174,1.4985
30,94.6367,98.1915,3.7563
31,106.189,107.8161,1.5323
32,87.4388,88.8767,1.6445
33,97.8113,98.5895,0.7957
34,89.279,90.6233,1.5057
35,107.4298,108.145,0.6657
36,102.3033,103.826,1.4884
37,105.8886,110.0007,3.8835
38,104.4187,108.6694,4.0708
39,118.9963,123.5143,3.7967
40,104.6453,106.5816,1.8503
41,97.5915,100.1204,2.5913
42,103.4685,107.2689,3.673
43,108.2834,110.6827,2.2158
44,102.1346,108.0031,5.7458
45,101.4337,102.7386,1.2865
46,116.176,121.5388,4.6161
47,100.1768,106.7277,6.5393
48,114.0627,115.1969,0.9943
49,119.9942,120.8408,0.7056
50,111.1799,115.0235,3.457
51,89.261,91.0774,2.0349
52,111.8662,117.6023,5.1277
53,117.0601,121.3433,3.659
54,111.0006,111.4019,0.3615
55,94.2297,97.306,3.2647
56,101.8538,103.8536,1.9635
57,126.4789,134.0811,6.0106
58,99.062,103.4625,4.4422
59,107.134,107.3844,0.2336
60,106.8192,108.1856,1.2791
61,109.3239,110.28,0.8746
62,94.7399,97.1584,2.5528
63,119.0011,119.7069,0.5931
64,99.5216,102.7451,3.239
65,105.8649,107.2706,1.3278
66,113.7873,117.7158,3.4525
67,106.7935,107.5516,0.7098
68,120.3744,123.916,2.9421
69,100.9035,101.712,0.8013
70,113.0418,114.1288,0.9617
71,93.7507,100.2508,6.9334
72,112.2036,114.8924,2.3963
73,102.2744,106.8194,4.4439
74,100.2018,100.5351,0.3326
75,93.1326,96.5662,3.6868
76,92.8771,95.4185,2.7363
77,103.667,104.5575,0.859
78,111.079,111.8798,0.7209
79,96.2179,97.7888,1.6327
80,114.9993,116.6444,1.4305
81,120.7464,122.1195,1.1372
82,106.7855,107.929,1.0708
83,110.3254,113.3881,2.776
84,95.6848,97.8969,2.3119
85,106.1626,108.7466,2.4341
86,94.652,96.477,1.928
87,90.6654,93.5159,3.1439
88,98.6128,101.569,2.9978
89,112.2075,112.3804,0.1541
90,95.4147,97.7582,2.4561
91,97.3501,100.2113,2.9391
92,104.6016,105.6687,1.0201
93,97.3564,99.3069,2.0034
94,95.546,95.8194,0.2862
95,119.5845,124.2518,3.9029
96,100.8688,104.4056,3.5064
97,112.9101,114.1271,1.0778
98,102.8376,103.5052,0.6492
99,105.9017,108.8345,2.7694
100,98.3501,100.7865,2.4773
101,98.3515,100.2218,1.9017
102,93.8448,94.0764,0.2468
103,95.7273,97.551,1.9051
104,106.5857,110.1695,3.3624
105,114.1445,116.5234,2.0841
106,104.1608,104.4808,0.3073
107,98.0321,99.7746,1.7774
108,94.998,97.0531,2.1633
109,97.4779,99.3563,1.9271
110,106.5708,110.9277,4.0882
111,112.7617,119.3134,5.8103
112,93.7278,97.5269,4.0534
113,115.6568,120.7006,4.361
114,92.8632,94.8625,2.1529
115,105.0872,105.1787,0.0871
116,92.4794,93.0508,0.6179
117,104.9988,108.9609,3.7735
118,102.2304,103.1546,0.904
119,97.5147,100.2297,2.7842
120,101.461,104.6142,3.1078
121,101.6203,105.5178,3.8353
122,117.6668,119.4162,1.4868
123,108.9186,117.7661,8.1231
124,104.3342,105.3364,0.9606
125,113.9435,114.0245,0.0711
126,96.8097,101.0825,4.4136
127,109.2371,109.8249,0.5381
128,111.5421,117.1604,5.0369
129,108.8464,112.231,3.1095
130,94.0811,96.6185,2.6971
131,101.2076,102.8638,1.6364
132,115.6248,118.3754,2.3789
133,111.5356,115.9952,3.9984
134,103.235,105.3115,2.0115
135,104.9648,106.0772,1.0598
136,88.0834,92.3274,4.8182
137,85.0651,86.259,1.4035
138,112.137,114.2083,1.8471
139,105.7566,107.3786,1.5338
140,98.5697,99.8553,1.3043
141,98.9975,101.7745,2.8051
142,122.1332,123.7999,1.3647
143,111.1042,114.471,3.0303
144,97.8299,99.7867,2.0001
145,102.7604,104.0436,1.2487
146,97.7913,100.5055,2.7755
147,110.9936,113.3378,2.112
148,108.8245,109.0603,0.2167
149,118.5318,120.297,1.4892
150,112.4977,115.2832,2.476
151,110.4895,113.2163,2.4679
152,102.482,103.101,0.604
153,102.386,102.5153,0.1262
154,94.3659,95.2856,0.9746
155,105.8083,108.7611,2.7907
156,94.6124,97.0651,2.5924
157,122.4178,129.0849,5.4461
158,91.8022,99.4034,8.28
159,105.7486,106.0619,0.2963
160,100.996,102.7369,1.7238
161,103.7409,107.5972,3.7172
162,76.3902,77.2242,1.0918
163,97.0805,99.5419,2.5354
164,107.9427,113.2759,4.9408
165,108.5656,109.253,0.6332
166,99.5661,100.6094,1.0478
167,93.0805,95.0004,2.0627
168,111.1114,116.1465,4.5316
169,131.2259,133.9063,2.0426
170,97.3069,98.616,1.3454
171,97.6414,97.6417,0.0003
172,92.1336,93.6675,1.6648
173,81.999,84.9205,3.5629
174,119.2307,122.3847,2.6453
175,96.3059,97.8457,1.5989
176,103.5367,104.1379,0.5806
177,102.5498,103.2262,0.6596
178,108.7859,109.9292,1.0509
179,97.3851,100.29,2.9829
180,113.1343,114.3605,1.0838
181,112.5393,117.6904,4.5771
182,106.9682,107.9984,0.9631
183,108.2923,113.5018,4.8106
184,94.7832,96.9256,2.2603
185,123.9676,126.1811,1.7856
186,110.0018,111.8097,1.6435
187,93.072,97.1492,4.3807
188,109.3872,111.3086,1.7565
189,114.5582,122.296,6.7545
190,109.4405,114.0413,4.2039
191,114.3578,115.3577,0.8743
192,104.5737,109.0034,4.236
193,118.7582,124.0613,4.4655
194,105.9444,106.8919,0.8944
195,96.2906,98.7019,2.5042
196,98.5297,98.9413,0.4177
197,97.3546,98.3544,1.0269
198,111.3715,112.8083,1.29
199,91.8308,97.4969,6.1702
200,115.0424,116.8535,1.5743
201,101.8138,104.7515,2.8853
202,98.096,100.386,2.3344
203,95.4035,99.2537,4.0356
204,106.0312,107.4855,1.3716
205,109.4165,113.8892,4.0878
206,91.3266,95.3635,4.4203
207,102.0331,106.2828,4.165
208,92.7615,95.8378,3.3164
209,110.0524,112.2745,2.019
210,96.9645,99.5933,2.7111
211,134.1276,139.3838,3.9188
212,87.9578,90.6452,3.0553
213,121.6381,126.6921,4.155
214,91.6995,99.8311,8.8677
215,104.5811,105.6134,0.9871
216,99.6401,99.9259,0.2868
217,85.6952,91.0031,6.194
218,100.1605,102.8409,2.6761
219,106.2741,106.9097,0.5981
220,100.7414,101.5675,0.82
221,118.5586,123.3355,4.0291
222,86.8254,91.307,5.1615
223,101.2432,102.0766,0.8231
224,102.2877,109.8072,7.3514
225,107.9082,114.6201,6.22
226,93.5371,96.8462,3.5378
227,96.6654,97.4438,0.8052
228,100.2775,105.826,5.5332
229,105.6246,108.3111,2.5435
230,107.9615,113.3555,4.9962
231,106.4224,106.53,0.1011
232,106.0929,108.8661,2.614
233,106.7688,108.5375,1.6566
234,115.6805,117.641,1.6947
235,100.9971,103.2713,2.2517
236,104.2123,110.0772,5.6278
237,88.8107,89.811,1.1264
238,100.6935,104.6058,3.8853
239,111.7367,116.6611,4.4072
240,104.6031,108.2712,3.5067
241,93.837,94.7173,0.9382
242,103.9995,104.8053,0.7748
243,94.1283,95.302,1.2469
244,84.0361,84.6221,0.6973
245,114.3866,115.9252,1.3451
246,99.2436,101.1637,1.9347
247,93.0535,95.7197,2.8652
248,110.6351,111.82,1.071
249,120.1239,123.8119,3.0701
250,104.959,107.5833,2.5003
251,103.2267,109.9975,6.5592
252,90.2072,96.2064,6.6504
253,100.6243,102.6662,2.0292
254,118.48,126.859,7.0721
255,91.5474,94.5469,3.2764
256,120.3342,121.6685,1.1089
257,118.4609,119.1415,0.5745
258,101.1565,105.4646,4.2588
259,102.2233,103.081,0.839
260,103.081,105.0813,1.9405
261,102.0043,105.0384,2.9745
262,101.6111,103.2905,1.6527
263,109.4783,112.959,3.1793
264,103.2766,104.6401,1.3202
265,112.2743,114.0675,1.5972
266,92.3852,92.5784,0.2091
267,114.8877,124.3864,8.2678
268,105.344,107.5282,2.0734
269,96.0053,97.6139,1.6756
270,89.272,89.2723,0.0003
271,127.8484,134.4816,5.1883
272,103.154,104.6698,1.4695
273,89.6261,92.5008,3.2075
274,88.5519,91.5527,3.3887
275,105.444,106.8886,1.37
276,91.7711,93.0861,1.433
277,97.8506,100.895,3.1113
278,97.6394,100.211,2.6338
279,112.1899,123.9171,10.453
280,97.4123,97.4123,-0.0
281,71.8856,80.1035,11.4319
282,105.3836,106.5782,1.1336
283,101.3095,108.2416,6.8425
284,111.4421,111.9612,0.4658
285,114.1301,115.6121,1.2985
286,117.4509,121.7245,3.6386
287,108.313,113.2738,4.58
288,95.2808,96.2118,0.9771
289,98.934,102.0036,3.1027
290,105.4193,105.7101,0.2758
291,93.7847,97.8545,4.3395
292,103.5824,105.8337,2.1734
293,102.5787,108.2181,5.4976
294,108.5917,109.2583,0.6138
295,109.2739,111.9107,2.4131
296,113.3988,115.0655,1.4698
297,102.645,104.8056,2.1049
298,120.3535,123.9295,2.9713
299,100.4138,104.0284,3.5997
300,114.5394,114.7192,0.1569
301,101.8008,103.1606,1.3357
302,104.6162,106.3083,1.6175
303,94.8784,98.4658,3.781
304,117.8853,121.3244,2.9174
305,110.3397,110.4783,0.1256
306,111.158,113.437,2.0502
307,123.9094,124.6047,0.5611
308,111.5397,112.1558,0.5523
309,101.5877,104.0573,2.4311
310,96.4864,98.8985,2.5
311,113.0318,115.4954,2.1796
312,108.3165,116.1955,7.2741
313,105.2181,105.8268,0.5785
314,110.998,114.3959,3.0612
315,101.676,106.9349,5.1722
316,114.3889,124.8534,9.1482
317,114.0028,117.0412,2.6652
318,90.1251,93.0638,3.2606
319,121.4723,128.8415,6.0666
320,93.7989,94.8667,1.1384
321,107.59,109.8852,2.1332
322,105.9244,106.8883,0.91
323,95.6051,97.6079,2.0948
324,94.603,95.9365,1.4096
325,86.0615,86.6503,0.6842
326,107.1891,110.1501,2.7624
327,91.5679,94.4389,3.1353
328,119.4207,121.0049,1.3266
329,98.9137,123.4121,24.7675
330,82.5317,84.5905,2.4946
331,101.2863,102.1915,0.8937
332,110.5665,116.0617,4.97
333,108.7027,111.7395,2.7937
334,113.7327,114.6723,0.8262
335,103.961,106.8022,2.733
336,91.9986,92.6647,0.724
337,101.3982,112.6777,11.124
338,99.0643,101.4182,2.3761
339,92.43,94.8558,2.6245
340,119.7553,121.8047,1.7114
341,118.1965,124.5753,5.3968
342,109.599,112.5599,2.7015
343,106.217,111.8869,5.338
344,112.5703,116.6429,3.6178
345,120.4177,124.1673,3.1138
346,112.1338,113.9607,1.6292
347,105.8314,106.7879,0.9038
348,105.7391,107.4721,1.6389
349,116.6639,117.8645,1.0291
350,107.0326,107.9999,0.9037
351,114.4303,115.3432,0.7977
352,105.9448,116.8404,10.2842
353,114.5883,116.8218,1.9491
354,111.6645,112.5698,0.8107
355,96.8185,99.6364,2.9105
356,105.3877,109.3126,3.7243
357,107.7511,108.8763,1.0443
358,104.256,107.307,2.9265
359,95.74,96.2964,0.5811
360,110.4025,110.8029,0.3626
361,120.7717,126.5432,4.7789
362,103.7875,104.9296,1.1004
363,103.9962,106.1957,2.115
364,108.6893,109.4598,0.709
365,104.0483,108.5936,4.3685
366,108.719,110.5764,1.7084
367,104.6182,106.6184,1.9119
368,113.6131,119.4578,5.1444
369,92.6856,92.8738,0.2031
370,102.3207,102.9613,0.626
371,116.7065,120.0037,2.8253
372,106.5814,107.582,0.9388
373,97.2399,99.5252,2.3502
374,105.6185,106.4654,0.8018
375,82.7468,84.5799,2.2154
376,109.1488,110.2205,0.9819
377,107.5483,109.8591,2.1486
378,118.062,119.8864,1.5452
379,110.4801,112.072,1.441
380,119.5343,120.3343,0.6693
381,113.96,119.5039,4.8648
382,112.8259,118.0842,4.6605
383,106.5857,110.102,3.299
384,106.2816,109.9118,3.4156
385,98.1974,102.2636,4.1409
386,100.3161,107.9037,7.5637
387,109.6429,111.7248,1.8989
388,95.216,97.3602,2.2519
389,107.4861,109.7268,2.0847
390,110.3082,110.4397,0.1192
391,98.8294,101.4382,2.6396
392,120.658,120.9681,0.2569
393,96.9343,97.4523,0.5344
394,97.5386,98.9974,1.4956
395,97.8795,98.9382,1.0817
396,119.5218,121.087,1.3096
397,102.7678,105.4596,2.6194
398,122.1045,122.5045,0.3275
399,107.5369,110.6448,2.8901
400,94.7135,98.4275,3.9214
401,98.9336,101.9696,3.0688
402,111.3078,114.0782,2.4889
403,100.5239,101.0847,0.5579
404,96.5285,99.8322,3.4224
405,111.1019,113.6539,2.297
406,86.0585,89.6465,4.1693
407,108.6596,111.9932,3.0679
408,94.8299,100.2456,5.7109
409,119.9991,128.905,7.4217
410,111.369,112.4937,1.0099
411,112.6688,114.8346,1.9223
412,105.5709,109.428,3.6536
413,107.5528,108.7025,1.0689
414,100.7966,104.9952,4.1654
415,90.3807,92.864,2.7475
416,106.7531,107.1705,0.391
417,120.1575,126.0788,4.928
418,95.9075,98.7461,2.9598
419,104.7027,106.5545,1.7686
420,100.3215,101.7829,1.4567
421,108.3072,111.5499,2.994
422,110.6625,115.3927,4.2744
423,115.133,116.4021,1.1023
424,101.6099,111.2168,9.4548
425,108.9984,112.961,3.6355
426,118.2777,123.6647,4.5545
427,109.7031,111.1733,1.3402
428,91.1764,93.1731,2.19
429,111.918,114.4586,2.2701
430,106.6058,108.0719,1.3753
431,87.5346,91.7127,4.773
432,119.933,124.7869,4.0472
433,99.882,107.4248,7.5517
434,127.2505,127.2507,0.0002
435,118.3617,122.863,3.803
436,90.039,92.0791,2.2658
437,122.6363,123.8489,0.9888
438,109.2689,110.7355,1.3422
439,102.8552,108.4042,5.3949
440,113.7632,119.9098,5.403
441,98.3605,102.7176,4.4297
442,120.0605,122.5268,2.0542
443,121.7492,123.0845,1.0968
444,104.7934,106.0592,1.2079
445,92.3953,96.1952,4.1127
446,89.5377,90.8455,1.4606
447,95.6698,97.3356,1.7412
448,90.4994,92.4002,2.1003
449,121.4788,124.4771,2.4681
450,105.3729,111.3734,5.6945
451,89.2808,91.0023,1.9281
452,110.5389,114.9176,3.9613
453,97.4013,100.1355,2.8071
454,107.1344,111.7344,4.2937
455,102.7435,104.1519,1.3708
456,84.8766,85.7897,1.0758
457,94.5903,96.0376,1.5301
458,107.5023,108.0037,0.4665
459,97.0007,99.3802,2.4531
460,107.1992,108.4285,1.1467
461,108.0983,110.3559,2.0885
462,116.7767,116.8894,0.0965
463,109.8982,110.6805,0.7119
464,121.9665,127.1456,4.2463
465,91.862,93.7219,2.0247
466,103.037,105.7671,2.6496
467,100.1431,100.8566,0.7125
468,88.7938,92.5933,4.279
469,106.4544,107.8831,1.3421
470,88.0036,88.9417,1.066
471,116.9954,125.6262,7.377
472,95.0049,97.2715,2.3857
473,92.9265,106.9931,15.1374
474,116.4113,119.3746,2.5455
475,124.6039,129.2031,3.6911
476,110.3041,111.7036,1.2687
477,94.8575,95.4299,0.6034
478,116.2052,121.5851,4.6297
479,90.2617,90.9306,0.741
480,87.4188,89.5032,2.3844
481,105.9137,108.4971,2.4392
482,90.6268,91.7526,1.2422
483,105.9999,107.6672,1.5729
484,104.7054,106.47,1.6852
485,114.7301,116.9129,1.9026
486,111.8516,115.6421,3.3888
487,98.0415,101.202,3.2237
488,117.2782,119.1055,1.5581
489,113.7852,118.3566,4.0176
490,90.0628,91.705,1.8234
491,111.9706,113.2215,1.1172
492,127.5911,129.5898,1.5665
493,96.8512,97.005,0.1588
494,98.6719,100.7374,2.0934
495,86.0031,90.3022,4.9987
496,102.4214,102.5882,0.1628
497,114.8489,127.2718,10.8168
498,107.1171,108.7705,1.5435
499,102.4724,103.5911,1.0918
500,104.2073,107.7255,3.3761
501,94.406,97.4088,3.1807
502,109.5687,117.1677,6.9354
503,109.2293,109.4557,0.2072
504,102.0682,109.3486,7.1329
505,118.0772,122.2223,3.5106
506,105.2341,105.5164,0.2682
507,101.4354,103.6094,2.1433
508,112.4484,116.8929,3.9525
509,100.6984,103.6117,2.8932
510,90.3644,91.2214,0.9484
511,111.5322,114.8851,3.0061
512,109.9603,112.5662,2.3698
513,95.7352,96.6926,1.0
514,93.2674,96.2672,3.2163
515,117.304,121.031,3.1773
516,106.1079,111.808,5.372
517,107.7677,112.5334,4.4223
518,94.1209,94.3714,0.2662
519,103.6507,104.192,0.5222
520,89.9118,91.3973,1.6522
521,113.424,120.9518,6.6369
522,110.4833,113.2757,2.5275
523,86.6316,93.0627,7.4236
524,109.4648,110.7793,1.2008
525,91.4402,93.6283,2.3929
526,90.3015,97.3018,7.7521
527,101.8463,102.6885,0.827
528,102.9134,104.5492,1.5894
529,117.4141,122.2473,4.1164
530,119.2131,122.2155,2.5184
531,85.7778,91.2591,6.3901
532,107.1811,108.7261,1.4415
533,94.8572,95.5722,0.7538
534,88.5578,91.1985,2.9819
535,88.0653,88.4655,0.4544
536,109.2162,112.4374,2.9494
537,112.917,115.5265,2.311
538,101.0966,102.9439,1.8273
539,102.0726,107.4488,5.267
540,107.2374,110.9981,3.5069
541,106.4269,107.4987,1.0071
542,96.3494,97.5256,1.2208
543,104.3373,105.337,0.9581
544,98.0024,102.4421,4.5303
545,106.1133,110.9324,4.5414
546,97.9981,100.1516,2.1975
547,97.2886,99.7166,2.4957
548,96.5957,98.1953,1.656
549,130.3589,130.7247,0.2806
550,108.8603,110.9296,1.9009
551,107.5621,108.8827,1.2278
552,111.8546,111.9983,0.1284
553,101.1426,102.8321,1.6704
554,111.1598,121.5152,9.3158
555,104.0235,105.2805,1.2084
556,101.7549,103.5046,1.7195
557,107.5882,111.5554,3.6874
558,101.2277,102.4609,1.2182
559,95.2114,97.8554,2.7769
560,100.0805,102.721,2.6384
561,109.3688,111.8253,2.246
562,99.0731,101.0001,1.945
563,104.2999,105.4516,1.1043
564,103.0745,106.3592,3.1868
565,94.8129,97.8396,3.1923
566,115.0451,116.2732,1.0675
567,93.9121,94.6617,0.7982
568,108.1969,109.2973,1.017
569,100.3052,104.6133,4.2951
570,114.9243,115.4956,0.4971
571,108.9231,109.5383,0.5648
572,113.0854,124.9942,10.5309
573,95.6153,99.7704,4.3456
574,108.1925,109.6774,1.3725
575,94.5433,96.2381,1.7925
576,123.2445,125.8043,2.077
577,117.9246,125.3265,6.2767
578,113.6925,117.3054,3.1777
579,106.8762,108.1157,1.1598
580,121.0744,122.7173,1.3569
581,81.0911,84.0913,3.6998
582,105.0612,107.7075,2.5188
583,84.0554,92.1627,9.6453
584,112.9035,114.4486,1.3685
585,97.5369,97.9988,0.4735
586,99.9232,103.8055,3.8853
587,118.2037,122.0057,3.2164
588,108.8582,110.7237,1.7137
589,92.5501,94.4124,2.0122
590,102.5809,103.6858,1.077
591,110.0731,110.8149,0.6738
592,112.7983,119.2764,5.7431
593,99.6888,100.4579,0.7715
594,91.4688,94.5756,3.3966
595,113.0011,114.7507,1.5483
596,111.0385,112.3728,1.2017
597,108.5031,109.7574,1.1561
598,109.8967,111.1299,1.1222
599,108.6943,113.0845,4.039
600,109.2813,113.0404,3.4399
601,111.0811,115.081,3.6009
602,113.4461,114.4092,0.8489
603,76.8803,79.8811,3.9032
604,102.5336,103.9455,1.377
605,105.8603,111.4977,5.3253
606,118.763,129.0974,8.7017
607,93.1301,94.888,1.8876
608,100.2146,105.0646,4.8396
609,109.3016,113.8662,4.1762
610,109.6464,113.5078,3.5217
611,93.4792,94.8797,1.4982
612,110.7425,116.8421,5.5079
613,106.0004,107.0338,0.9749
614,99.8259,105.4779,5.6619
615,118.4976,121.3887,2.4398
616,103.7584,105.8498,2.0156
617,99.5,102.3636,2.878
618,104.4759,106.6615,2.0919
619,105.6153,107.7699,2.0401
620,113.9154,120.5798,5.8504
621,95.1691,98.0009,2.9755
622,106.0619,107.3766,1.2396
623,109.4799,110.8806,1.2794
624,113.4832,113.6829,0.176
625,105.9371,109.2081,3.0876
626,111.3576,112.6375,1.1494
627,122.1883,122.2841,0.0784
628,114.3697,117.9506,3.131
629,113.0453,115.5661,2.23
630,112.1768,113.3485,1.0445
631,100.9359,101.2928,0.3536
632,102.9317,104.2649,1.2953
633,115.3547,117.0985,1.5116
634,103.6669,105.7044,1.9655
635,108.279,109.5184,1.1447
636,107.738,113.1059,4.9824
637,119.2044,123.0046,3.188
638,89.9976,90.6663,0.743
639,92.1592,93.7755,1.7539
640,101.1419,111.1402,9.8854
641,100.5221,103.5739,3.0359
642,108.6896,115.6865,6.4376
643,86.3656,87.0333,0.7731
644,117.3635,120.8176,2.9431
645,113.503,115.3367,1.6155
646,97.2292,99.6125,2.4512
647,108.8483,111.3658,2.3129
648,103.3284,104.427,1.0633
649,97.4808,98.8134,1.3671
650,106.6786,108.4542,1.6644
651,88.8658,91.9102,3.4257
652,98.2823,98.9395,0.6688
653,105.2668,112.9313,7.281
654,102.3155,105.7713,3.3775
655,109.4527,110.1691,0.6545
656,104.8356,107.0246,2.0881
657,104.8002,106.0801,1.2212
658,101.3258,106.3681,4.9763
659,120.5987,123.3986,2.3216
660,102.2183,103.8836,1.6292
661,97.5556,99.9962,2.5018
662,114.0044,118.0706,3.5667
663,107.9439,112.0494,3.8035
664,88.3229,89.2401,1.0384
665,113.0678,115.538,2.1847
666,97.5499,102.0951,4.6593
667,114.5442,115.7264,1.0321
668,108.0751,111.9721,3.6058
669,102.1897,104.9897,2.74
670,112.704,114.5747,1.6598
671,88.6916,90.6913,2.2547
672,91.897,97.5858,6.1905
673,116.8883,118.0986,1.0354
674,114.4389,117.9604,3.0772
675,84.7199,86.6013,2.2208
676,115.1705,115.76,0.5119
677,101.329,109.2225,7.7899
678,97.0024,99.3357,2.4054
679,87.8253,87.9128,0.0996
680,94.4522,95.7425,1.366
681,115.569,118.6483,2.6645
682,114.0958,114.8308,0.6442
683,119.2959,122.6295,2.7944
684,106.857,109.7856,2.7406
685,112.4055,113.1651,0.6757
686,103.2596,105.5218,2.1908
687,101.9385,105.9383,3.9238
688,88.9636,89.4824,0.5832
689,98.4787,99.4779,1.0146
690,122.7453,126.4961,3.0558
691,102.4148,103.2968,0.8612
692,114.2884,121.6455,6.4373
693,116.3787,117.6166,1.0637
694,111.1779,119.9989,7.9341
695,107.0091,109.6657,2.4826
696,114.2755,117.1034,2.4746
697,106.9247,107.9957,1.0016
698,101.5415,101.6325,0.0896
699,99.0021,100.9999,2.0179
700,107.5148,108.9535,1.3382
701,85.6391,90.903,6.1466
702,105.545,109.6359,3.876
703,93.6667,97.8153,4.4291
704,101.3907,105.4773,4.0306
705,88.3032,90.2031,2.1515
706,108.1386,111.4696,3.0803
707,104.2233,105.1274,0.8675
708,101.6669,103.9356,2.2314
709,114.9191,117.5349,2.2763
710,108.9663,110.1916,1.1245
711,111.9121,114.1636,2.0119
712,98.4797,102.2949,3.8741
713,106.9116,112.3655,5.1013
714,110.7385,111.4243,0.6193
715,95.6665,96.8332,1.2196
716,91.0805,99.7469,9.515
717,107.2958,107.4387,0.1331
718,124.4152,128.0811,2.9465
719,108.1115,110.7781,2.4665
720,109.4613,112.0005,2.3197
721,113.7817,114.8141,0.9074
722,106.8884,108.1097,1.1426
723,104.6339,107.9489,3.1682
724,96.8961,100.7826,4.011
725,108.743,110.2597,1.3948
726,118.6324,122.268,3.0646
727,102.1625,104.1877,1.9824
728,112.1417,113.6086,1.3081
729,100.4829,101.7557,1.2666
730,103.0806,103.4651,0.3731
731,111.38,115.7598,3.9323
732,101.3834,102.6475,1.2468
733,114.6386,117.3994,2.4083
734,110.4197,112.776,2.1339
735,94.7878,97.1464,2.4883
736,89.1392,91.4732,2.6184
737,110.6418,114.7816,3.7416
738,99.4071,101.4085,2.0133
739,107.6395,109.1394,1.3934
740,104.1726,106.1138,1.8634
741,107.2221,109.0007,1.6588
742,123.4978,126.0738,2.0858
743,109.9412,110.6519,0.6464
744,88.9019,89.4491,0.6156
745,100.1998,100.267,0.0671
746,113.3357,118.7189,4.7498
747,118.0933,123.8181,4.8477
748,106.0273,107.0275,0.9434
749,104.285,107.1429,2.7404
750,110.7861,111.6415,0.7722
751,107.1348,107.5823,0.4177
752,98.3115,102.7475,4.5123
753,110.097,111.504,1.278
754,94.2056,97.7339,3.7453
755,98.1097,100.4253,2.3603
756,91.4639,93.5272,2.2559
757,89.2109,93.9957,5.3636
758,99.3921,105.2617,5.9055
759,89.559,91.059,1.6749
760,99.4809,100.9988,1.5259
761,112.3258,116.7918,3.9759
762,91.9263,94.849,3.1794
763,108.5656,112.8688,3.9637
764,102.8478,106.3085,3.3649
765,91.0775,94.079,3.2956
766,103.9277,106.5698,2.5422
767,100.1103,100.8211,0.7101
768,117.4178,122.4173,4.2579
769,110.1028,111.6896,1.4412
770,93.4079,95.6354,2.3847
771,109.922,111.3845,1.3305
772,99.6864,100.8405,1.1577
773,90.3019,97.691,8.1827
774,108.1538,112.0762,3.6267
775,103.8485,104.7014,0.8213
776,106.231,107.7003,1.3832
777,94.9001,96.107,1.2717
778,91.3103,93.4628,2.3574
779,103.4064,107.8384,4.286
780,119.0674,121.6674,2.1836
781,109.1183,109.4703,0.3225
782,103.0775,103.3084,0.224
783,98.9085,102.3867,3.5166
784,84.1644,86.2473,2.4747
785,85.6851,87.9124,2.5995
786,88.3537,88.8383,0.5484
787,118.3722,118.9273,0.469
788,125.9129,132.458,5.1981
789,118.2153,118.9547,0.6255
790,83.1281,84.6062,1.7781
791,103.6552,109.5688,5.7051
792,106.1957,111.7539,5.2338
793,93.3657,94.7336,1.465
794,109.4384,112.1344,2.4635
795,116.3669,119.6669,2.8359
796,95.1309,96.7759,1.7292
797,100.0092,104.8795,4.8699
798,116.2369,117.5159,1.1004
799,113.8133,115.3317,1.3341
800,107.5355,108.8433,1.2162
801,106.4779,108.6781,2.0663
802,113.8111,122.6721,7.7858
803,111.3125,113.9309,2.3523
804,94.8171,98.755,4.1531
805,98.4041,101.4044,3.0489
806,101.6532,101.8033,0.1477
807,82.3143,85.1773,3.4782
808,105.9303,107.573,1.5508
809,113.4499,116.1616,2.3902
810,84.2481,84.9146,0.7911
811,111.102,112.4722,1.2333
812,104.3478,105.8994,1.4869
813,86.1423,89.1728,3.518
814,104.9617,105.4815,0.4952
815,96.1627,101.7299,5.7894
816,103.3348,106.1721,2.7457
817,121.8282,124.7232,2.3764
818,121.9966,123.2558,1.0322
819,108.0035,111.1979,2.9577
820,104.1282,107.3845,3.1272
821,102.4575,104.3966,1.8925
822,114.2604,116.63,2.0739
823,78.3233,80.3625,2.6036
824,109.0544,111.8034,2.5207
825,101.0836,103.1673,2.0614
826,109.7128,111.9992,2.084
827,98.8492,102.627,3.8217
828,108.8435,112.4582,3.321
829,118.6151,122.1323,2.9652
830,91.9625,97.7621,6.3065
831,103.1689,104.92,1.6973
832,85.1155,87.1148,2.349
833,103.697,104.2839,0.566
834,109.61,110.7717,1.0598
835,81.0835,86.4414,6.608
836,112.4313,113.4313,0.8894
837,105.0568,105.9997,0.8976
838,107.5052,116.8953,8.7346
839,106.1865,109.371,2.9989
840,109.6419,120.277,9.6998
841,91.797,94.2642,2.6877
842,98.8783,102.237,3.3969
843,87.8684,94.8025,7.8914
844,104.7703,107.548,2.6512
845,88.8188,91.6449,3.1819
846,91.1152,94.2234,3.4113
847,126.967,133.1338,4.857
848,101.7532,103.9223,2.1317
849,88.8251,96.8258,9.0072
850,107.9313,111.0046,2.8475
851,110.151,111.4466,1.1762
852,109.1914,112.9064,3.4022
853,110.8885,118.7738,7.111
854,100.7299,105.277,4.5142
855,106.4789,108.2933,1.7041
856,102.297,104.4656,2.1199
857,90.9988,91.9364,1.0303
858,86.4844,93.2664,7.8419
859,103.5471,106.1839,2.5465
860,93.1031,95.6034,2.6856
861,89.6518,92.6168,3.3073
862,100.7445,101.6704,0.9191
863,109.9189,113.4597,3.2213
864,105.8784,107.1916,1.2403
865,96.6911,98.0052,1.3591
866,103.3025,106.4326,3.03
867,114.8484,115.5454,0.6069
868,85.2125,86.4348,1.4344
869,98.6128,100.3853,1.7974
870,109.9617,114.9604,4.5458
871,100.0701,102.8656,2.7935
872,116.8695,120.2234,2.8698
873,118.6981,121.5449,2.3984
874,103.5009,113.776,9.9275
875,99.9634,102.6013,2.6388
876,106.7331,109.0793,2.1982
877,110.2055,111.2398,0.9385
878,109.2226,112.631,3.1206
879,87.1053,88.3658,1.447
880,92.5334,93.937,1.5169
881,112.9663,113.1151,0.1317
882,103.293,109.5508,6.0583
883,92.646,95.8175,3.4233
884,113.6536,117.2399,3.1555
885,96.4152,98.8323,2.507
886,102.0675,102.3784,0.3046
887,120.4165,124.0704,3.0344
888,104.5785,108.1566,3.4214
889,107.9998,110.2732,2.105
890,111.2195,114.5797,3.0212
891,98.3296,101.8528,3.583
892,91.2639,91.6711,0.4462
893,104.9325,105.3327,0.3813
894,104.3598,106.4769,2.0286
895,107.0045,108.0482,0.9754
896,103.6273,107.0727,3.3248
897,104.0487,111.3717,7.038
898,114.9525,116.387,1.2479
899,105.7012,106.552,0.8049
900,103.6172,110.4637,6.6075
901,114.6924,118.7942,3.5764
902,94.3145,95.9218,1.7042
903,105.7074,108.8191,2.9436
904,102.1221,105.083,2.8993
905,97.9952,104.8491,6.9941
906,108.7618,110.6921,1.7748
907,101.5371,107.208,5.585
908,101.3118,101.9989,0.6782
909,89.9007,94.7006,5.3391
910,93.7824,95.1604,1.4693
911,104.9094,105.6495,0.7054
912,91.5229,92.6341,1.214
913,113.3099,117.5163,3.7123
914,106.8823,111.8806,4.6764
915,99.1126,99.9275,0.8223
916,94.278,104.3951,10.7311
917,111.4199,115.8707,3.9946
918,108.6894,110.2303,1.4177
919,97.3697,99.5586,2.2481
920,89.6052,90.5615,1.0673
921,107.0032,110.0528,2.85
922,103.7341,103.9349,0.1935
923,115.1661,116.1679,0.8698
924,120.6654,120.999,0.2765
925,100.6806,104.9083,4.1991
926,96.6631,97.1817,0.5365
927,108.781,108.9667,0.1707
928,98.6259,99.5053,0.8917
929,98.1425,98.9995,0.8732
930,93.2474,95.5806,2.5022
931,106.1245,107.1242,0.9421
932,86.2324,88.423,2.5403
933,104.1091,105.4982,1.3342
934,98.7138,101.0,2.316
935,95.3803,96.0359,0.6874
936,95.0519,97.841,2.9343
937,107.862,111.663,3.524
938,99.2695,102.5452,3.2998
939,111.4982,122.8925,10.2193
940,114.1957,116.4545,1.978
941,118.5133,121.8471,2.813
942,100.2036,101.8803,1.6733
943,111.2912,111.7036,0.3706
944,106.8097,107.9939,1.1087
945,122.2543,127.8393,4.5683
946,91.6961,95.7016,4.3683
947,117.199,122.998,4.948
948,103.935,107.2886,3.2267
949,92.7652,95.3816,2.8205
950,101.645,105.0745,3.374
951,104.4111,107.1838,2.6555
952,109.9271,111.4259,1.3635
953,92.5685,95.4258,3.0867
954,109.4045,110.4443,0.9504
955,104.7864,106.2864,1.4315
956,109.253,109.942,0.6307
957,101.3882,102.6976,1.2915
958,81.102,81.102,-0.0
959,116.0544,118.1114,1.7725
960,87.3072,87.8466,0.6179
961,105.8143,110.6262,4.5475
962,109.561,111.8118,2.0544
963,98.899,99.9992,1.1125
964,108.6981,109.3524,0.6019
965,104.2584,105.258,0.9588
966,109.5616,113.1686,3.2922
967,121.4901,123.6532,1.7805
968,104.5935,109.5942,4.7811
969,94.1584,95.2119,1.1188
970,97.3049,100.2292,3.0053
971,104.649,106.2362,1.5167
972,91.6545,93.1717,1.6553
973,101.3393,103.0068,1.6455
974,97.7291,99.0062,1.3068
975,117.371,118.4617,0.9293
976,90.8876,93.3687,2.7299
977,105.9994,109.7781,3.5648
978,100.9709,103.7444,2.7468
979,116.8776,122.1278,4.4921
980,97.0083,98.5082,1.5462
981,111.9242,115.4419,3.143
982,112.7625,113.6034,0.7458
983,83.9505,85.1088,1.3797
984,124.8243,128.4838,2.9317
985,90.4869,90.8095,0.3565
986,103.2758,112.7745,9.1973
987,113.9315,114.1485,0.1904
988,116.0938,117.3745,1.1032
989,94.111,98.0788,4.2161
990,114.9011,115.2651,0.3168
991,116.4428,117.926,1.2737
992,108.9096,109.4344,0.4819
993,107.4531,110.0904,2.4544
994,101.31,102.77,1.4411
995,99.6648,101.2475,1.588
996,92.0688,96.9376,5.2882
997,102.8547,107.4275,4.4459
998,99.7911,101.9328,2.1462
999,85.0879,86.0046,1.0774
